"Store Type","Total Sales","Percentage of Total Sales","Count of Orders"
"Local",4200344.269999825,65.01947512674302,"78319"
"Mall Kiosk",705645.900000004,10.923087036230093,"13128"
"Outlet",508029.41000000294,7.864071005577477,"9201"
"Super Store",1045045.1900000041,16.17683822319891,"19263"
"Web Portal",1067.77,0.016528608250505446,"43"
